{
	"system" : {
		"platform" : "windows64",
		"os_name" : "Windows 10",
		"os_version" : "10.0"
	},
	"error" : {
		"executable" : "quartus",
		"comment" : "not_applicable",
		"error_message" : "Access Violation at 0X00000218A846F060",
		"source_file" : "unknown",
		"line" : "0",
		"stack_trace" : "\t0x218a846f05f:\n\t 0x5cae0c4c: QtCore4 + 0x110c4c (?cast@QMetaObject@@QEBAPEBVQObject@@PEBV2@@Z + 0x1c)\n\t0x7ffa0c565021: sys_ictq + 0x5021 (?on_rules_file_downloaded@ICTQ_RULES_FILE@@IEAAX_N@Z + 0x91)\n\t0x7ffa0c5649bb: sys_ictq + 0x49bb (?qt_static_metacall@ICTQ_RULES_FILE@@CAXPEAVQObject@@W4Call@QMetaObject@@HPEAPEAX@Z + 0x5b)\n\t 0x5caec420: QtCore4 + 0x11c420 (?activate@QMetaObject@@SAXPEAVQObject@@PEBU1@HPEAPEAX@Z + 0x520)\n\t0x7ffa0c562a9f: sys_ictq + 0x2a9f (?all_done@ICTQ_DOWNLOAD_FILE@@IEAAX_N@Z + 0x23f)\n\t 0x5caec420: QtCore4 + 0x11c420 (?activate@QMetaObject@@SAXPEAVQObject@@PEBU1@HPEAPEAX@Z + 0x520)\n\t 0x5e0808bf: QtNetwork4 + 0x108bf (?fullServerName@QLocalServer@@QEBA?AVQString@@XZ + 0x29f)\n\t 0x5caef9f7: QtCore4 + 0x11f9f7 (?event@QObject@@UEAA_NPEAVQEvent@@@Z + 0xe7)\n\t 0x5bd42e95: QtGui4 + 0x22e95 (?notify_helper@QApplicationPrivate@@QEAA_NPEAVQObject@@PEAVQEvent@@@Z + 0xf5)\n\t 0x5bd42b2f: QtGui4 + 0x22b2f (?notify@QApplication@@UEAA_NPEAVQObject@@PEAVQEvent@@@Z + 0x17bf)\n\t 0x5cadd92b: QtCore4 + 0x10d92b (?notifyInternal@QCoreApplication@@AEAA_NPEAVQObject@@PEAVQEvent@@@Z + 0x7b)\n\t 0x5cadf502: QtCore4 + 0x10f502 (?sendPostedEvents@QCoreApplicationPrivate@@SAXPEAVQObject@@HPEAVQThreadData@@@Z + 0x2b2)\n\t 0x5cb02fb8: QtCore4 + 0x132fb8 (?processEvents@QEventDispatcherWin32@@UEAA_NV?$QFlags@W4ProcessEventsFlag@QEventLoop@@@@@Z + 0xb98)\n\t0x7ffaa96c8280: USER32 + 0x18280 (DispatchMessageW + 0x740)\n\t0x7ffaa96c7d40: USER32 + 0x17d40 (DispatchMessageW + 0x200)\n\t 0x5cb02802: QtCore4 + 0x132802 (?processEvents@QEventDispatcherWin32@@UEAA_NV?$QFlags@W4ProcessEventsFlag@QEventLoop@@@@@Z + 0x3e2)\n\t 0x5bda0eb4: QtGui4 + 0x80eb4 (?openPopup@QApplicationPrivate@@QEAAXPEAVQWidget@@@Z + 0x204)\n\t 0x5cada88b: QtCore4 + 0x10a88b (?exec@QEventLoop@@QEAAHV?$QFlags@W4ProcessEventsFlag@QEventLoop@@@@@Z + 0x22b)\n\t 0x5cadce6f: QtCore4 + 0x10ce6f (?exec@QCoreApplication@@SAHXZ + 0xdf)\n\t0x7ff650cb197b: quartus + 0x197b (?qgq_main@@YAHHPEAPEBD@Z + 0x7b)\n\t0x7ffa7f0e2e98: CCL_MSG + 0x12e98 (?msg_main_thread@@YAPEAXPEAX@Z + 0x18)\n\t0x7ffa7f0e467e: CCL_MSG + 0x1467e (?msg_thread_wrapper@@YAPEAXP6APEAXPEAX@Z0@Z + 0x6e)\n\t0x7ffa90dd6660: ccl_mem + 0x16660 (?mem_thread_wrapper@@YAPEAXP6APEAXPEAX@Z0@Z + 0x70)\n\t0x7ffa7f0e2761: CCL_MSG + 0x12761 (?msg_exe_main@@YAHHPEAPEBDP6AHH0@Z@Z + 0xa1)\n\t0x7ff650cb24e7: quartus + 0x24e7 (WinMain + 0x127)\n\t0x7ff650cb1e58: quartus + 0x1e58 (__tmainCRTStartup + 0x148)\n\t0x7ffaa93f26bc: KERNEL32 + 0x126bc (BaseThreadInitThunk + 0x1c)\n\t0x7ffaaa3ea9f7: ntdll + 0x5a9f7 (RtlUserThreadStart + 0x27)\n",
		"subsystem" : "unknown"
	},
	"quartus" : {
		"quartus_bits" : "64",
		"version" : "18.1.0",
		"build" : "625",
		"edition" : "Lite Edition"
	}
}